{"small": {"results": [[0, 321, 0.99690500000000004, 596], [0, 321, 0.99690500000000004, 2001], [0, 321, 0.99690500000000004, 513], [71, 344, 0.94389100000000004, 2748], [0, 321, 0.99690500000000004, 1815], [0, 321, 0.99690500000000004, 121], [0, 321, 0.99690500000000004, 121], [0, 321, 0.99690500000000004, 1215], [0, 321, 0.99690500000000004, 2643], [0, 321, 0.99690500000000004, 530], [0, 321, 0.99690500000000004, 1529], [71, 344, 0.94389100000000004, 2260], [0, 321, 0.99690500000000004, 1379], [0, 321, 0.99690500000000004, 582], [0, 321, 0.99690500000000004, 2553], [0, 321, 0.99690500000000004, 3491], [0, 321, 0.99690500000000004, 1897], [0, 321, 0.99690500000000004, 2234], [0, 321, 0.99690500000000004, 116], [0, 321, 0.99690500000000004, 116]], "runtimes": [2.6699999999999999, 7.2999999999999998, 1.49, 12.369999999999999, 6.1399999999999997, 0.45000000000000001, 0.45000000000000001, 5.3300000000000001, 10.02, 2.2599999999999998, 6.0899999999999999, 10.9, 5.5499999999999998, 2.79, 10.26, 14.300000000000001, 7.5099999999999998, 10.49, 0.40000000000000002, 0.40999999999999998]}, "large": {"results": [[0, 1285, 0.99817699999999998, 3764], [0, 1285, 0.99817699999999998, 2907], [283, 1377, 0.93755200000000005, 2955], [287, 1367, 0.93394999999999995, 2881], [287, 1367, 0.93394999999999995, 2880], [0, 1285, 0.99817699999999998, 1019], [277, 1029, 0.44445299999999999, 3824], [283, 1377, 0.93755200000000005, 3642], [-803, 995, 0.61406300000000003, 2991], [0, 1285, 0.99817699999999998, 2582], [287, 1367, 0.93394999999999995, 2949], [291, 1358, 0.92971400000000004, 3332], [285, 1387, 0.94208199999999997, 3705], [0, 1285, 0.99817699999999998, 1243], [0, 1285, 0.99817699999999998, 2358], [285, 1387, 0.94208199999999997, 2107], [0, 1285, 0.99817699999999998, 3141], [0, 1285, 0.99817699999999998, 162], [287, 1367, 0.93394999999999995, 3354], [0, 1285, 0.99817699999999998, 1499]], "runtimes": [278.68000000000001, 234.69, 228.21000000000001, 233.68000000000001, 217.02000000000001, 76.530000000000001, 306.18000000000001, 330.35000000000002, 226.59, 202.88999999999999, 212.75, 246.61000000000001, 241.36000000000001, 75.799999999999997, 149.15000000000001, 179.13, 256.19999999999999, 7.5300000000000002, 242.09999999999999, 103.61]}, "medium": {"results": [[0, 643, 0.99886900000000001, 2673], [0, 643, 0.99886900000000001, 2431], [143, 694, 0.94294800000000001, 2622], [0, 643, 0.99886900000000001, 2973], [0, 643, 0.99886900000000001, 583], [0, 643, 0.99886900000000001, 1053], [0, 643, 0.99886900000000001, 495], [0, 643, 0.99886900000000001, 2234], [0, 643, 0.99886900000000001, 1762], [0, 643, 0.99886900000000001, 398], [0, 643, 0.99886900000000001, 2730], [0, 643, 0.99886900000000001, 1726], [0, 643, 0.99886900000000001, 288], [0, 643, 0.99886900000000001, 385], [0, 643, 0.99886900000000001, 3163], [0, 643, 0.99886900000000001, 1879], [0, 643, 0.99886900000000001, 2719], [0, 643, 0.99886900000000001, 1342], [142, 688, 0.93912399999999996, 2578], [0, 643, 0.99886900000000001, 91]], "runtimes": [48.049999999999997, 75.379999999999995, 65.719999999999999, 52.630000000000003, 13.27, 21.199999999999999, 11.77, 38.939999999999998, 32.939999999999998, 6.6500000000000004, 39.149999999999999, 32.859999999999999, 6.0099999999999998, 6.4100000000000001, 57.109999999999999, 29.420000000000002, 46.869999999999997, 23.140000000000001, 55.950000000000003, 1.79]}}