{"small": {"runtimes": [247.16, 247.2, 247.38, 248.23, 246.83, 247.32, 247.22, 247.2, 246.65, 247.28, 247.36, 247.32, 246.36, 246.63, 251.49, 247.48, 246.07, 246.1, 249.51, 247.18], "results": [[0, 321, 0.996905], [0, 321, 0.996905], [0, 321, 0.996905], [0, 321, 0.996905], [0, 321, 0.996905], [0, 321, 0.996905], [0, 321, 0.996905], [0, 321, 0.996905], [0, 321, 0.996905], [0, 321, 0.996905], [0, 321, 0.996905], [0, 321, 0.996905], [0, 321, 0.996905], [0, 321, 0.996905], [0, 321, 0.996905], [0, 321, 0.996905], [0, 321, 0.996905], [0, 321, 0.996905], [0, 321, 0.996905], [0, 321, 0.996905]]}, "large": {"runtimes": [63951.52, 64209.93, 64215.73, 64276.84, 63934.83, 64374.77, 63949.14, 64163.29, 63852.63, 63895.63, 63862.85, 63949.29, 64226.86, 63891.95, 63806.68, 63711.02, 64086.86, 63766.58, 63576.31, 64044.59], "results": [[0, 1285, 0.998177], [0, 1285, 0.998177], [0, 1285, 0.998177], [0, 1285, 0.998177], [0, 1285, 0.998177], [0, 1285, 0.998177], [0, 1285, 0.998177], [0, 1285, 0.998177], [0, 1285, 0.998177], [0, 1285, 0.998177], [0, 1285, 0.998177], [0, 1285, 0.998177], [0, 1285, 0.998177], [0, 1285, 0.998177], [0, 1285, 0.998177], [0, 1285, 0.998177], [0, 1285, 0.998177], [0, 1285, 0.998177], [0, 1285, 0.998177], [0, 1285, 0.998177]]}, "medium": {"runtimes": [3935.93, 3995.01, 4000.53, 4006.01, 3949.71, 4014.57, 3997.47, 4005.51, 4008.07, 4002.19, 3996.24, 3995.69, 3990.34, 3997.29, 4006.53, 3999.7, 4005.92, 3995.96, 3962.89, 4010.89], "results": [[0, 643, 0.998869], [0, 643, 0.998869], [0, 643, 0.998869], [0, 643, 0.998869], [0, 643, 0.998869], [0, 643, 0.998869], [0, 643, 0.998869], [0, 643, 0.998869], [0, 643, 0.998869], [0, 643, 0.998869], [0, 643, 0.998869], [0, 643, 0.998869], [0, 643, 0.998869], [0, 643, 0.998869], [0, 643, 0.998869], [0, 643, 0.998869], [0, 643, 0.998869], [0, 643, 0.998869], [0, 643, 0.998869], [0, 643, 0.998869]]}}