{"small": {"results": [[0, 321, NaN], [0, 321, NaN], [0, 321, NaN], [0, 321, NaN], [0, 321, NaN], [0, 321, NaN], [0, 321, NaN], [0, 321, NaN], [0, 321, NaN], [0, 321, NaN], [0, 321, NaN], [0, 321, NaN], [0, 321, NaN], [0, 321, NaN], [0, 321, NaN], [0, 321, NaN], [0, 321, NaN], [0, 321, NaN], [0, 321, NaN], [0, 321, NaN]], "runtimes": [0.029999999999999999, 0.029999999999999999, 0.02, 0.02, 0.029999999999999999, 0.029999999999999999, 0.029999999999999999, 0.029999999999999999, 0.029999999999999999, 0.029999999999999999, 0.029999999999999999, 0.029999999999999999, 0.029999999999999999, 0.029999999999999999, 0.029999999999999999, 0.029999999999999999, 0.029999999999999999, 0.029999999999999999, 0.029999999999999999, 0.029999999999999999]}, "large": {"results": [[0, 0, NaN], [0, 0, NaN], [0, 0, NaN], [0, 0, NaN], [0, 0, NaN], [0, 0, NaN], [0, 0, NaN], [0, 0, NaN], [0, 0, NaN], [0, 0, NaN], [0, 0, NaN], [0, 0, NaN], [0, 0, NaN], [0, 0, NaN], [0, 0, NaN], [0, 0, NaN], [0, 0, NaN], [0, 0, NaN], [0, 0, NaN], [0, 0, NaN]], "runtimes": [0.40999999999999998, 0.39000000000000001, 0.39000000000000001, 0.39000000000000001, 0.39000000000000001, 0.39000000000000001, 0.39000000000000001, 0.39000000000000001, 0.39000000000000001, 0.39000000000000001, 0.39000000000000001, 0.39000000000000001, 0.39000000000000001, 0.39000000000000001, 0.39000000000000001, 0.39000000000000001, 0.39000000000000001, 0.39000000000000001, 0.39000000000000001, 0.39000000000000001]}, "medium": {"results": [[0, 643, NaN], [0, 643, NaN], [0, 643, NaN], [0, 643, NaN], [0, 643, NaN], [0, 643, NaN], [0, 643, NaN], [0, 643, NaN], [0, 643, NaN], [0, 643, NaN], [0, 643, NaN], [0, 643, NaN], [0, 643, NaN], [0, 643, NaN], [0, 643, NaN], [0, 643, NaN], [0, 643, NaN], [0, 643, NaN], [0, 643, NaN], [0, 643, NaN]], "runtimes": [0.11, 0.10000000000000001, 0.10000000000000001, 0.10000000000000001, 0.10000000000000001, 0.10000000000000001, 0.10000000000000001, 0.10000000000000001, 0.10000000000000001, 0.10000000000000001, 0.10000000000000001, 0.10000000000000001, 0.10000000000000001, 0.10000000000000001, 0.10000000000000001, 0.10000000000000001, 0.10000000000000001, 0.10000000000000001, 0.10000000000000001, 0.10000000000000001]}}